name	x	y	z	size	region
RPF4-RPF5	n/a	n/a	n/a	n/a	ctx-rh-inferiorparietal
RPF5-RPF6	n/a	n/a	n/a	n/a	ctx-rh-inferiorparietal
RPF6-RPF7	n/a	n/a	n/a	n/a	ctx-rh-inferiorparietal
RPF7-RPF8	n/a	n/a	n/a	n/a	ctx-rh-inferiorparietal
RPF8-RPF9	n/a	n/a	n/a	n/a	ctx-rh-inferiorparietal
RH1-RH2	n/a	n/a	n/a	n/a	Right-Hippocampus
RH2-RH3	n/a	n/a	n/a	n/a	Right-Hippocampus
RH3-RH4	n/a	n/a	n/a	n/a	Right-Hippocampus
RH5-RH6	n/a	n/a	n/a	n/a	ctx-rh-middletemporal
RH6-RH7	n/a	n/a	n/a	n/a	ctx-rh-middletemporal
RH7-RH8	n/a	n/a	n/a	n/a	ctx-rh-middletemporal
RA1-RA2	n/a	n/a	n/a	n/a	Right-Amygdala
RA2-RA3	n/a	n/a	n/a	n/a	Right-Amygdala
RA5-RA6	n/a	n/a	n/a	n/a	ctx-rh-superiortemporal
RA6-RA7	n/a	n/a	n/a	n/a	ctx-rh-superiortemporal
RA7-RA8	n/a	n/a	n/a	n/a	ctx-rh-superiortemporal
RA8-RA9	n/a	n/a	n/a	n/a	ctx-rh-superiortemporal
RI1-RI2	n/a	n/a	n/a	n/a	ctx-rh-insula
RI2-RI3	n/a	n/a	n/a	n/a	ctx-rh-insula
RI3-RI4	n/a	n/a	n/a	n/a	ctx-rh-insula
RI4-RI5	n/a	n/a	n/a	n/a	ctx-rh-insula
RI6-RI7	n/a	n/a	n/a	n/a	ctx-rh-caudalmiddlefrontal
RI8-RI9	n/a	n/a	n/a	n/a	ctx-rh-superiorfrontal
RI9-RI10	n/a	n/a	n/a	n/a	ctx-rh-superiorfrontal
RAC6-RAC7	n/a	n/a	n/a	n/a	ctx-rh-superiorfrontal
RAC7-RAC8	n/a	n/a	n/a	n/a	ctx-rh-superiorfrontal
RAC8-RAC9	n/a	n/a	n/a	n/a	ctx-rh-superiorfrontal
RAC1-RAC2	n/a	n/a	n/a	n/a	ctx-rh-posteriorcingulate
RAC2-RAC3	n/a	n/a	n/a	n/a	ctx-rh-posteriorcingulate
RAC3-RAC4	n/a	n/a	n/a	n/a	ctx-rh-posteriorcingulate
RAC4-RAC5	n/a	n/a	n/a	n/a	ctx-rh-posteriorcingulate
ROF1-ROF2	n/a	n/a	n/a	n/a	ctx-rh-medialorbitofrontal
ROF2-ROF3	n/a	n/a	n/a	n/a	ctx-rh-medialorbitofrontal
ROF4-ROF5	n/a	n/a	n/a	n/a	ctx-rh-lateralorbitofrontal
ROF5-ROF6	n/a	n/a	n/a	n/a	ctx-rh-lateralorbitofrontal
ROF6-ROF7	n/a	n/a	n/a	n/a	ctx-rh-lateralorbitofrontal
ROF7-ROF8	n/a	n/a	n/a	n/a	ctx-rh-lateralorbitofrontal
ROF9-ROF10	n/a	n/a	n/a	n/a	ctx-rh-parstriangularis
LH1-LH2	n/a	n/a	n/a	n/a	Left-Hippocampus
LH2-LH3	n/a	n/a	n/a	n/a	Left-Hippocampus
LH3-LH4	n/a	n/a	n/a	n/a	Left-Hippocampus
LH6-LH7	n/a	n/a	n/a	n/a	ctx-lh-superiortemporal
LH7-LH8	n/a	n/a	n/a	n/a	ctx-lh-superiortemporal
LH8-LH9	n/a	n/a	n/a	n/a	ctx-lh-superiortemporal
LH9-LH10	n/a	n/a	n/a	n/a	ctx-lh-superiortemporal
LA3-LA4	n/a	n/a	n/a	n/a	ctx-lh-insula
LA6-LA7	n/a	n/a	n/a	n/a	ctx-lh-insula
LA7-LA8	n/a	n/a	n/a	n/a	ctx-lh-insula
LA9-LA10	n/a	n/a	n/a	n/a	ctx-lh-caudalmiddlefrontal
LI7-LI8	n/a	n/a	n/a	n/a	ctx-lh-caudalmiddlefrontal
LI8-LI9	n/a	n/a	n/a	n/a	ctx-lh-caudalmiddlefrontal
LI9-LI10	n/a	n/a	n/a	n/a	ctx-lh-caudalmiddlefrontal
LI2-LI3	n/a	n/a	n/a	n/a	ctx-lh-parsopercularis
LI3-LI4	n/a	n/a	n/a	n/a	ctx-lh-parsopercularis
LI4-LI5	n/a	n/a	n/a	n/a	ctx-lh-parsopercularis
LAC1-LAC2	n/a	n/a	n/a	n/a	ctx-lh-caudalanteriorcingulate
LAC3-LAC4	n/a	n/a	n/a	n/a	ctx-lh-superiorfrontal
LAC4-LAC5	n/a	n/a	n/a	n/a	ctx-lh-superiorfrontal
LAC5-LAC6	n/a	n/a	n/a	n/a	ctx-lh-superiorfrontal
LAC6-LAC7	n/a	n/a	n/a	n/a	ctx-lh-superiorfrontal
LAC7-LAC8	n/a	n/a	n/a	n/a	ctx-lh-superiorfrontal
LAC8-LAC9	n/a	n/a	n/a	n/a	ctx-lh-superiorfrontal
LAC9-LAC10	n/a	n/a	n/a	n/a	ctx-lh-superiorfrontal
LOF1-LOF2	n/a	n/a	n/a	n/a	ctx-lh-medialorbitofrontal
LOF2-LOF3	n/a	n/a	n/a	n/a	ctx-lh-medialorbitofrontal
LOF4-LOF5	n/a	n/a	n/a	n/a	ctx-lh-lateralorbitofrontal
LOF5-LOF6	n/a	n/a	n/a	n/a	ctx-lh-lateralorbitofrontal
LOF6-LOF7	n/a	n/a	n/a	n/a	ctx-lh-lateralorbitofrontal
LOF8-LOF9	n/a	n/a	n/a	n/a	ctx-lh-parstriangularis
