path	size	sha256
files/analysis/plot_shap_location.py	13311	BBZgVinO/Ord7qbliSvPyXAU/LDuHB4e1RDEmdztliw=
files/analysis/plot_shap_morphology.py	17254	vzjcj6iK6cjhkZg5eN5erkGG+BB3wgJWKKj6cDKzL+0=
files/analysis/plot_shap_multimodel.py	44479	wROs0SHFSqtuDQZP1zCgHsOjS830eeV2/9k7ujSBM2M=
files/analysis/plot_shap_onelocation.py	18233	H7xrkzOhF6TH5+VC1Eo9KICpwzIp1ahvB8YKem+uPzo=
files/analysis/plot_shap.py	13762	jERKugE7NdxYrwtcJ7m4vYAYWPxtLS2r6txOEDKXhj8=
files/analysis/plotting.py	62625	DgR7WJ0xDLvpaAp/lO1CIh/wJ/PUcsG9cOnOSZXRO+k=
files/models/__pycache__/multi_scale_ori.cpython-39.pyc	19410	SscRU8oEGt+LpOHi/p0/Tdr/QCGNrzN2eyHMgk80w58=
files/models/basic_msresnet.py	8776	7eBl04vx463E6EWzQzic64d0y6hI9C2+gfkhuGw6nPg=
files/models/dilated_enhanced_resnet.py	7850	BL/toXmn7LCcHgI1cdOReb5xQCpSZ3J4EiQQYj7ZD64=
files/models/.DS_Store	6148	XpCW+0dpOIBdUfiNuTYhw/6QUWv9lFsGASa3HWojFp8=
files/models/multi_scale_ori.py	22576	Wz23+XFMddK0N6mBEnYv27PhCl2LX9VBFxR5D0JyWzE=
files/results/model_states/fold_1_results_108_perm4_alllocs_v2_hist_model.pth	24633936	qNVuWG5f389GFfif13SwuD2NJRmFP6xiY56a8HGCsV4=
files/results/model_states/fold_2_results_108_perm4_alllocs_v2_hist_model.pth	25609104	XE0/v3akEhitrm1p3LzkGctGb796nXQdVVuNGQ0xDac=
files/results/model_states/fold_3_results_108_perm4_alllocs_v2_hist_model.pth	26442448	Ai5MFzpfLOavP3AfB913zYkeIFCraYpjojw1wSSg6Jw=
files/results/model_states/fold_4_results_108_perm4_alllocs_v2_hist_model.pth	26951760	/VMLZqZAFwHgPglwmfLZZ8Zwj9/7mXW1g8j1J4hQNMo=
files/results/model_states/fold_5_results_108_perm4_alllocs_v2_hist_model.pth	27779472	xssAECCmbxGgVBDFDslMG8M70ElomGdxAiyi1FtJEYM=
files/results/results_json/complete_results_108_perm4_alllocs_v2_hist.json	77895432	ztMJlT9EcLZphpTio1kUUjIF9Ymcr9QRlI/1+tleOGc=
files/results/results_json/complete_results_108_perm4_alllocs_v2_hist_RAND.json	78671998	tzB3ouySj775NSIcqtq55J6drQenfYybjLvN+qDkL+w=
files/results/results_json/fold_1_results_108_perm4_alllocs_v2_hist.json	5357922	4CygTz95N6DJQ99XnbCVRWL6+5o32PQ64O0kpByEAs4=
files/results/results_json/fold_1_results_108_perm4_alllocs_v2_hist_RAND.json	5436003	tvJsehXljOrdX1srPD5mDkOfeH+LF9yZ7dl1u69pe8E=
files/results/results_json/fold_2_results_108_perm4_alllocs_v2_hist.json	11416678	ZQq+8/u6QFf4sjOXUH9EYUY5y2AEK8jRhKOA3rFAHMU=
files/results/results_json/fold_2_results_108_perm4_alllocs_v2_hist_RAND.json	11505272	UcZzd1rgvJJRMJI2kAXBq5SurcRA/jnZUUVSZIDVzZw=
files/results/results_json/fold_3_results_108_perm4_alllocs_v2_hist.json	16542087	/yl3NVWeuGDLw7JtOD/nvrodYv2m83xSvxuctH3X1h4=
files/results/results_json/fold_3_results_108_perm4_alllocs_v2_hist_RAND.json	16578296	Z/0fQyYuSbUPBIO3A7mIGimwLXiNLKVg5ndPfO91nWA=
files/results/results_json/fold_4_results_108_perm4_alllocs_v2_hist.json	19684784	UxPu+FlS3sZq5A5pqdrr4KkbNFFqoqBAc0DbHeHyMVk=
files/results/results_json/fold_4_results_108_perm4_alllocs_v2_hist_RAND.json	19922798	IrKoiTX8TMbCPgoYxAD1GsbJQ8/kTnCDOpSwmew1P9I=
files/results/results_json/fold_5_results_108_perm4_alllocs_v2_hist.json	24893531	qO4dGxJK/X789NHCVjamdByDxMUHCBAMeSL4+0uQ4I0=
files/results/results_json/fold_5_results_108_perm4_alllocs_v2_hist_RAND.json	25229186	G8RYsy4T7h0jiSXkljjeDINfm2rdBUMusTOLKT7THvc=
files/results/location_accuracy.csv	2523	/Qmp6nbd+/X/x/O7maLlbYplp/0nm9w/cxKkiLICy6E=
files/ts_data/Epat02_python_friendly.mat	80356122	kWEDkq/bKQLlZR4uz/kjvW5DsfkZRw19aTwwxqQGh1s=
files/ts_data/Epat03_python_friendly.mat	50089509	2WkI22IW8OlKSIwExrKW8YcjwcZSUECXna2BOMv19AA=
files/ts_data/Epat04_python_friendly.mat	73360312	zhgIXW8G4GE2czEwBcze4fShN9rWnnRnP14m1bB7+Jo=
files/ts_data/Epat05_python_friendly.mat	59480845	HfIt+tfPjqw8oSL/Bv8mbqBVYo1Sa4Qe9KBhW2QUmzs=
files/ts_data/Epat06_python_friendly.mat	44366696	/xLRn1lnw5+wjw42OUivQOOq+qeru+ltkCzFclXixwU=
files/ts_data/Epat08_python_friendly.mat	48931210	r1hKEL7icQjsW+ZD8n7ovidqAPZy+m7W1Wz+DkkhkLU=
files/ts_data/Epat09_python_friendly.mat	75700862	LNrSgd9N77KQrrdZh/qW/jGsNulAxAiGDR3Lowhw+AY=
files/ts_data/Epat10_python_friendly.mat	60531231	Sar7/AzxBuSG/TBtWVYZhlEXxbzZn6n2GzV62uFa+6E=
files/ts_data/Epat11_python_friendly.mat	80375492	3d9KOKnjkX22rJlQPKN9SAhGFKx06UK7ZkZJWitDoXo=
files/ts_data/Epat13_python_friendly.mat	238509077	ttQ6fmg+XptylhlwV0/IqgTCkbZL6XvLB9QJSTYKW50=
files/ts_data/Epat14_python_friendly.mat	296558270	CkvgAO8UqF5q0vS4Ff/LT1FNnrXEszAeenoHcVXbhcA=
files/ts_data/Epat15_python_friendly.mat	334354884	OdmFhug84sfVlEXYEuMHGbyXIokgtHNgoYIVNTodep0=
files/ts_data/Epat17_python_friendly.mat	269723726	Nz4+VYAOF2u+Yq2bdvGTigk8lnZ9v38nvsZsyIeckR4=
files/ts_data/Epat18_python_friendly.mat	228942738	vXDwI5HeTV3je45KEG8h+2HmC768q1B8rQjs4B/xAb4=
files/ts_data/Epat19_python_friendly.mat	84865942	9tDS9HWy7oPFLSvC9FLpl2aasTQ29RqD0eOImTvi9CM=
files/ts_data/Epat20_python_friendly.mat	400917600	Up0y0Xfr31PasLOzwM0W1xB1G+K1EJ36QuRc8/HBI/U=
files/ts_data/Epat21_python_friendly.mat	448149658	CN7aMam5ApnCq6DF0/EcNJQkcTsOR2aUw6UqR/VEKPQ=
files/ts_data/Epat23_python_friendly.mat	250286615	9CImffn+BHlhJ7iT5vSWeUAcTTOiNEnSI8u+4GWIMyY=
files/ts_data/Epat24_python_friendly.mat	139530723	GVYoNUPwVXxuQEL37DIyJazUEOxCaYmmtaDXybkQ8OE=
files/ts_data/Epat25_python_friendly.mat	85855645	m/d6SV8Z3aLQdaRXg/S7dKjQ18Cjme6QVV7FzSs7aBY=
files/ts_data/Epat26_python_friendly.mat	122721088	We3PgcWKrYM0ntYtOmbkFixrDep9aJ4b3/k2w5EiJro=
files/ts_data/Epat27_python_friendly.mat	113642418	enMnRzdRfFIddMWY5BLwbfuf4Tt17Mmf1W6YeITypy4=
files/ts_data/Epat28_python_friendly.mat	135182052	YjhBskPEdJoQ4uiPE+N3Vxpl5AVuly+jHmPH/1wuECU=
files/ts_data/Epat30_python_friendly.mat	107566384	ujdIwNf8KfkB3X/yp0yHZYeS16zEOMAXazcabgEYeUQ=
files/ts_data/Epat31_python_friendly.mat	69336453	X2f9iQIR4+mKFDQvV3Q4TdFvQQXya7TtPpikLEw9rGc=
files/ts_data/Epat33_python_friendly.mat	126749500	M5ZbPzcuHfEfuSMMvnip905LA90iKWOlLRw6fafnoqY=
files/ts_data/Epat34_python_friendly.mat	128905218	GuoADYBD56IL5Qq8RxboAFfSHfZ9aGPZHRz2EUbj8No=
files/ts_data/Epat35_python_friendly.mat	92113131	x7zUuvRi8BZDW20T/jARsLIUK+56d7TcEFnH7Jes5yg=
files/ts_data/Epat37_python_friendly.mat	147726980	tN3T7R7M770fzeANXECswFVA6PkhLTEjn6HWNOxXV3U=
files/ts_data/Epat38_python_friendly.mat	129971696	Qy+MUi6g2D7Do9v91p8xEe3nNf3GEIRbFBa8+ONDGGQ=
files/ts_data/Epat39_python_friendly.mat	89756937	fC3chhydUFHmXIo3Kk+DO4Y7nXR6iOwrosxigXcbJiQ=
files/ts_data/Epat41_python_friendly.mat	113559344	VliKgQFgmpE+LiTM4xXqDXwWh3/cJnXgKdjJXCsgZww=
files/ts_data/Epat43_python_friendly.mat	106153068	5ZDJzFJGFqmEXdH6VMwzBRwjxsJUh/F/jn/39byw46c=
files/ts_data/pat11_python_friendly.mat	68914932	lsSIA/q7fIszkT0wN5juRkbyhUGDXGAAGwLvYQwpAbE=
files/ts_data/pat33_python_friendly.mat	88630113	j35GKaDpsPe3Z6U9nxj92M6QpbbsuHCDzFg6wNKx/AU=
files/ts_data/Spat02_python_friendly.mat	61709438	VHQS2QEYm1w+AxVzOYTMhDhkQk88drXpxx1dvsiFXE0=
files/ts_data/Spat03_python_friendly.mat	67450082	vvcLziuv7oP7lpd3h3cP4I9rzaK5sy6MaBecePA9Zpo=
files/ts_data/Spat05_python_friendly.mat	67489526	OCeCdlDvK8ixkoN3Qwm2bg3qqNfhwWOLU9AVwrA16TM=
files/ts_data/Spat06_python_friendly.mat	88796408	NnPKOZtFpSx5HWP1lJEoxXL+G2FGCEIg7ivX87F21vw=
files/ts_data/Spat07_python_friendly.mat	77046763	OPnCYT7JVv/k6DSr2p7/FmuiIsNMMw+EWeOFc5BXYsA=
files/ts_data/Spat08_python_friendly.mat	60737419	g+tbSeJdCJBiZpxZmfEE6TuP17C1bBmuucIG1Q1bEpM=
files/ts_data/Spat09_python_friendly.mat	70058473	ZD8qHc7X/CjhZd/2IwY+qXhqak8jxL2QRbMnIsywfPs=
files/ts_data/Spat10_python_friendly.mat	53604262	CCaYCLklE7d53xGxvRCA+fhbrUOHy7b6SWVBERHEyWo=
files/ts_data/Spat11_python_friendly.mat	68784858	EwwKI+49fKNK82A4mnHQ/Kysnyo9RgwaCd0e+hcnU50=
files/ts_data/Spat12_python_friendly.mat	61917138	es6X5g+actQxsL3H5T6pVRq8AT7XQKRIgsDHsxBNIX4=
files/ts_data/Spat13_python_friendly.mat	100271393	C2UQNbJBq6Vvu6h6rIAPNVJiq+z21fXhknj9e56AHRU=
files/ts_data/Spat14_python_friendly.mat	285995599	rE2Xc56VKbIPWr+zuMeZVzN/44js1l+bFeKrsi8fbgc=
files/ts_data/Spat17_python_friendly.mat	100247379	CnEM7O/cWwnDEtny+AJMkaMxKNfLYxC7ouUCA/8/9qo=
files/ts_data/Spat18_python_friendly.mat	337126359	hQucEf8QnXuKMiaaE54DTzdNxkyPXjfMKC4NL0ob7qA=
files/ts_data/Spat19_python_friendly.mat	99306861	yum2jj/f8GmpQzc6tJLcxRcj5qxP7hMVm+zZB8ogbqE=
files/ts_data/Spat20_python_friendly.mat	224564914	n6MW2NAqHIk/U7uEQPdPBTNMgc5fYwnRvT7V4W4WxAo=
files/ts_data/Spat22_python_friendly.mat	104058727	cee54S9MfVU1L09r2oczHeSsDmxIaBre1EaJXprfvjI=
files/ts_data/Spat23_python_friendly.mat	601868567	3R0NwSTXn+tWh1BxZIQctIMDJJTUsl+wPXpFF/rc14E=
files/ts_data/Spat24_python_friendly.mat	81193447	3qGl+dC5gyOatXeicJK/F+45DYDAIbftCUEfp1Q8u9M=
files/ts_data/Spat26_python_friendly.mat	601326922	8rc9H/QDi8iYoyEySZlKW6Uh3xmQOnj+RW2c5b5uTd8=
files/ts_data/Spat27_python_friendly.mat	107501963	bT1ytz7Kydbr8gP8jeNxNl7ZL6U1tGpFHAHwgwglQRA=
files/ts_data/Spat28_python_friendly.mat	65633144	nAfRKt02Cff6AzQzFKV/3TqTen5WP0OtUsTXlgvoDB8=
files/ts_data/Spat29_python_friendly.mat	215229715	2rOGM0N96G1IWYKcmKoxC+bj+dxFiWahamF5HxBdRVc=
files/ts_data/Spat30_python_friendly.mat	133986407	28mxOX03eeUNkoCwvhvnKTxchR4saZZcXCvHN6NS7Tw=
files/ts_data/Spat31_python_friendly.mat	79957127	HBEL6TlIL5C212FJ7xKs02YltENaiQ7ngf8ctn4+o84=
files/ts_data/Spat32_python_friendly.mat	281592469	4io2Q4pNsg2H1EyXnF5Gw9k6qXy5pv0xTy56+UV+hiI=
files/ts_data/Spat33_python_friendly.mat	325065205	uTiyujAYyvkBfRa0/UUEXyJEwWUG+M4LzGPqJdsF5Vo=
files/ts_data/Spat34_python_friendly.mat	102711402	c6BntgJkuYrsQ+63GIN4eD5qwty95jgk2ZFG16IhMXQ=
files/ts_data/Spat36_python_friendly.mat	87253153	fiUdNs5Beik5EtoQMQJ16AYDLpkxn8XORFsq7/zYzec=
files/ts_data/Spat37_python_friendly.mat	132560451	ezlZgK0tkjSceIo/i1aq57T6SfM34WXAq0Q+OCWFnBE=
files/ts_data/Spat39_python_friendly.mat	87200113	9uBa4frAF7CS/0M3VFwbH7m8Wn2XvHAPpTLIRnfUhgM=
files/ts_data/Spat40_python_friendly.mat	129722829	mk3s1xAeoV3ok0vIS3JQHmy21lxZslibrVKOrF0JvR8=
files/ts_data/Spat41_python_friendly.mat	110073011	xMu3uK0XM08t+iQDdVwq1lKUAv8ReRLq+uyImLDj/FQ=
files/ts_data/Spat42_python_friendly.mat	88379349	jbArzBWuz9nL+8RXZQep50QQ342hIpPyji5A5TL21fk=
files/ts_data/Spat44_python_friendly.mat	160204474	/Lv702MQoXFdMedZ4rFEhmHHVLDStIpp2yIG+nCGCVg=
files/ts_data/Spat45_python_friendly.mat	159139712	v62DlYD036IRHJTEa3vF/f430t7/UQfgpZNKtIAAjCg=
files/ts_data/Spat46_python_friendly.mat	131350553	6FGClr4wJrVnHreqQXQM3tzdtCEblabalPyzTDt3S9U=
files/ts_data/Spat47_python_friendly.mat	116827415	VVAOiLSRhBEUfxVNXRakYHj4rK+cxKwOZ7Pjsp9qZxQ=
files/ts_data/Spat48_python_friendly.mat	132784229	JxW4s6S/lLcRcW7qm674i+E6hyIITgL9X4GkYO/r1ho=
files/ts_data/Spat49_python_friendly.mat	83396791	OXh3BYLYvZs3sG+E8YV5zxT3ZLjtLTVssX9We19vbno=
files/ts_data/Spat50_python_friendly.mat	123074265	H1ijejdh5Hh6S+BQbHTs+HztF9Gg+ZHoxLNNZQ7EzSA=
files/ts_data/Spat51_python_friendly.mat	110890511	dVfFLAIqCE5ftRqpUFE1CtY2u6phOE+xVnlUFMoKyiY=
files/ts_data/Spat52_python_friendly.mat	119542620	sNmRIMn5/in+671+R67I14ZvYCrcEgyG2OZnA5nBx78=
files/ts_data/Spat53_python_friendly.mat	101251676	rT0nYPNMOnquwuFyM5DqrIw++v+SCsB6kQJAelUq1vE=
files/.DS_Store	6148	nbSVPiB/L3O4ZqX/N0zfTvQGT3P0jHU6rEVv3/UGcro=
files/README.md	12839	eLXwGD5oJjucQLxbPaI2Mj8nNLAOWqK+aT9FAMS63GQ=
files/seeg_classify_all.py	110020	wIFtDGuY0g6LQtRKhM+/yGvR0QwL8GtnUiz96nKniEo=
banner.jpg	20255	
changelog.md	24	
manifest.json	43726	
readme.md	686	
