release_id	n_samples	n_channels	sampling_frequency	max_abs_err_uV	max_rel_err
Epat02	150000	69	500.0	0.00012148893711128039	3.5224707397485366e-08
Epat03	150000	43	500.0	0.00011473330596345477	5.4717340672642696e-08
Epat04	150000	63	500.0	0.00012091975941075361	3.443641142811514e-08
Epat05	150000	51	500.0	6.079678109927045e-05	4.065136743014405e-08
Epat06	150000	38	500.0	0.00012119770417484688	3.9658958207242265e-08
Epat08	150000	42	500.0	3.03368524328107e-05	3.35250150923003e-08
Epat09	150000	65	500.0	5.655055883835303e-05	4.793212402122942e-08
Epat10	150000	52	500.0	6.096002584854432e-05	3.2177460716621404e-08
Epat11	150000	69	500.0	0.00012164439158368623	4.071285500675682e-08
Epat13	307200	100	1024.0	0.00024298096650454681	5.7693649064232054e-08
Epat14	307200	124	1024.0	0.00024329449024662608	4.3988243268043905e-08
Epat15	614400	70	2048.0	6.076771774132794e-05	4.918983755780185e-08
Epat17	307200	113	1024.0	6.0745924201910384e-05	4.149511176705135e-08
Epat18	307200	96	1024.0	0.00024192334603867494	3.2837855614727335e-08
Epat19	153600	71	512.0	0.00012205388838992803	3.798839058839335e-08
Epat20	614400	84	2048.0	0.00011780167642427841	5.179173798028922e-08
Epat21	614400	94	2048.0	0.00010690871340557351	5.1919951260350875e-08
Epat23	307200	105	1024.0	0.00012045228368151584	3.181600847124806e-08
Epat24	153600	117	512.0	5.668289918503433e-05	4.4266940005794284e-08
Epat25	153600	72	512.0	0.00022253879978961777	4.251743087355376e-08
Epat26	153600	103	512.0	0.00023109992525860434	3.3677276287850297e-08
Epat27	153600	95	512.0	0.00023482860979129327	3.1562345350646715e-08
Epat28	153600	113	512.0	0.00012025944488414098	2.492806412340441e-08
Epat30	153600	90	512.0	5.910277218390547e-05	4.924387874317743e-08
Epat31	153600	58	512.0	3.0494847919726453e-05	3.7215053237337804e-08
Epat33	153600	106	512.0	0.0008070815783867147	4.1631289187833686e-08
Epat34	153600	108	512.0	5.5458883707615314e-05	4.5262030748872325e-08
Epat35	153600	77	512.0	0.00012123722399337566	3.1431399278438e-08
Epat37	153600	124	512.0	0.00012198604235891253	4.095667140747825e-08
Epat38	153600	109	512.0	6.059376482880907e-05	3.408930962007939e-08
Epat39	153600	75	512.0	6.09403550697607e-05	3.1129768966493346e-08
Epat41	153600	95	512.0	5.773866200797784e-05	4.702450226162401e-08
Epat43	153600	89	512.0	3.051743942705798e-05	3.387643735678292e-08
Spat02	150000	53	500.0	0.0001220054737132159	4.148920781200774e-08
Spat03	150000	58	500.0	1.5251627871748497e-05	4.624723548147717e-08
Spat05	150000	58	500.0	1.4718492650445114e-05	3.515311650679299e-08
Spat06	150000	76	500.0	0.00012021511065540835	3.624527342153138e-08
Spat07	150000	66	500.0	0.00011819485280284425	3.2691488894297467e-08
Spat08	150000	52	500.0	6.049259650353633e-05	3.348836433231576e-08
Spat09	150000	60	500.0	0.00012161468839622103	3.835241569492364e-08
Spat10	150000	46	500.0	6.072567680348584e-05	3.011738585966393e-08
Spat11	150000	59	500.0	6.082367963244906e-05	4.29078141285389e-08
Spat12	307200	26	1024.0	2.6715547619460267e-05	4.456189061282384e-08
Spat13	307200	42	1024.0	0.00011535898511283449	4.285580730811763e-08
Spat14	307200	120	1024.0	5.863680507900426e-05	4.1170475484420955e-08
Spat17	307200	42	1024.0	6.074739985706401e-05	3.964227531348621e-08
Spat18	307200	141	1024.0	0.00011378938961570384	4.6256588077467333e-08
Spat19	153600	83	512.0	5.9013739928559517e-05	5.006924672084724e-08
Spat20	307200	94	1024.0	0.00023804160446161404	4.401546184190412e-08
Spat22	153600	87	512.0	3.038391787413275e-05	3.391290048963986e-08
Spat23	614400	126	2048.0	0.00012133406380598899	4.769208986123797e-08
Spat24	153600	68	512.0	6.0386784753063694e-05	2.8607892655238e-08
Spat26	614400	126	2048.0	0.0004882106641161954	3.641612492120138e-08
Spat27	153600	90	512.0	0.0004840126493945718	3.4556714415095554e-08
Spat28	153600	55	512.0	2.829200741416571e-05	5.0231346981282216e-08
Spat29	307200	90	1024.0	0.0001218308730130957	3.4329506750504575e-08
Spat30	153600	112	512.0	0.00023983897153811995	3.9517077780243497e-08
Spat31	153600	67	512.0	3.048396490612504e-05	3.1511434068694725e-08
Spat32	307200	118	1024.0	0.00012189314202259993	3.1932313157680624e-08
Spat33	307200	136	1024.0	0.00024375251359742833	3.667504840839158e-08
Spat34	153600	86	512.0	3.0375832466233987e-05	5.073171391912849e-08
Spat36	153600	73	512.0	6.1003353948763106e-05	3.5589579748823114e-08
Spat37	153600	111	512.0	0.00012122934731451096	3.2335268637729886e-08
Spat39	153600	73	512.0	0.0004881951117567951	3.0779435597072813e-08
Spat40	153600	109	512.0	0.00048458953096996993	3.58572214808074e-08
Spat41	153600	92	512.0	0.00024273661165352678	5.026923382386308e-08
Spat42	153600	74	512.0	6.003748285365873e-05	4.2612933247833345e-08
Spat44	153600	134	512.0	6.025918582963641e-05	3.3237938661078063e-08
Spat45	153600	133	512.0	0.00012193351085443282	4.04201886146574e-08
Spat46	153600	110	512.0	6.027890344739717e-05	3.185061801583843e-08
Spat47	153600	98	512.0	5.9712360553021426e-05	3.53236118535391e-08
Spat48	153600	111	512.0	6.1034281316096894e-05	3.300252501009112e-08
Spat49	153600	70	512.0	5.640525978378719e-05	4.314135682407484e-08
Spat50	153600	103	512.0	0.0004844273044000147	4.532653148997746e-08
Spat51	153600	93	512.0	0.00024300622499140445	4.3478857015432066e-08
Spat52	153600	100	512.0	0.0004831626938539557	3.812259934510264e-08
Spat53	153600	85	512.0	0.0001217229951180343	3.8693571362777066e-08
pat11	150000	59	500.0	6.0898113133589504e-05	5.0988414039860245e-08
pat33	150000	76	500.0	3.0110270472505363e-05	4.113956344108231e-08
