participant_id	release_id	cv_test_fold
sub-Epat02	Epat02	4
sub-Epat03	Epat03	1
sub-Epat04	Epat04	2
sub-Epat05	Epat05	1
sub-Epat06	Epat06	1
sub-Epat08	Epat08	1
sub-Epat09	Epat09	n/a
sub-Epat10	Epat10	1
sub-Epat11	Epat11	3
sub-Epat13	Epat13	5
sub-Epat14	Epat14	5
sub-Epat15	Epat15	2
sub-Epat17	Epat17	5
sub-Epat18	Epat18	4
sub-Epat19	Epat19	3
sub-Epat20	Epat20	2
sub-Epat21	Epat21	3
sub-Epat23	Epat23	5
sub-Epat24	Epat24	5
sub-Epat25	Epat25	2
sub-Epat26	Epat26	5
sub-Epat27	Epat27	5
sub-Epat28	Epat28	4
sub-Epat30	Epat30	4
sub-Epat31	Epat31	1
sub-Epat33	Epat33	5
sub-Epat34	Epat34	5
sub-Epat35	Epat35	2
sub-Epat37	Epat37	5
sub-Epat38	Epat38	4
sub-Epat39	Epat39	4
sub-Epat41	Epat41	3
sub-Epat43	Epat43	4
sub-Spat02	Spat02	1
sub-Spat03	Spat03	2
sub-Spat05	Spat05	2
sub-Spat06	Spat06	3
sub-Spat07	Spat07	2
sub-Spat08	Spat08	1
sub-Spat09	Spat09	1
sub-Spat10	Spat10	1
sub-Spat11	Spat11	2
sub-Spat12	Spat12	1
sub-Spat13	Spat13	1
sub-Spat14	Spat14	5
sub-Spat17	Spat17	1
sub-Spat18	Spat18	5
sub-Spat19	Spat19	2
sub-Spat20	Spat20	4
sub-Spat22	Spat22	2
sub-Spat23	Spat23	4
sub-Spat24	Spat24	3
sub-Spat26	Spat26	4
sub-Spat27	Spat27	3
sub-Spat28	Spat28	1
sub-Spat29	Spat29	5
sub-Spat30	Spat30	5
sub-Spat31	Spat31	2
sub-Spat32	Spat32	3
sub-Spat33	Spat33	3
sub-Spat34	Spat34	3
sub-Spat36	Spat36	3
sub-Spat37	Spat37	5
sub-Spat39	Spat39	2
sub-Spat40	Spat40	3
sub-Spat41	Spat41	3
sub-Spat42	Spat42	3
sub-Spat44	Spat44	1
sub-Spat45	Spat45	4
sub-Spat46	Spat46	4
sub-Spat47	Spat47	5
sub-Spat48	Spat48	4
sub-Spat49	Spat49	3
sub-Spat50	Spat50	4
sub-Spat51	Spat51	5
sub-Spat52	Spat52	4
sub-Spat53	Spat53	5
sub-pat11	pat11	2
sub-pat33	pat33	2
