,Location,Accuracy,Accuracy_CI,Youden,N_samples,N_patients
0,CTX-LH-INFERIORTEMPORAL,0.8838526912181303,"[0.8462204802479106, 0.9132201230898166]",0.7356889064350572,353,10
1,CTX-LH-SUPERIORTEMPORAL,0.8389154704944178,"[0.8240115317931075, 0.8527827373996634]",0.5612215166749144,2508,39
2,CTX-RH-LATERALORBITOFRONTAL,0.810064935064935,"[0.7772034404252633, 0.8390830430892345]",0.6268954466834326,616,29
3,CTX-RH-SUPERIORFRONTAL,0.7709251101321586,"[0.747863121021844, 0.7924630778580262]",0.4924296401852511,1362,23
4,CTX-RH-POSTCENTRAL,0.6995708154506438,"[0.6564528707825562, 0.7394252294112112]",0.4381111111111111,466,8
5,RIGHT-AMYGDALA,0.6956521739130435,"[0.6063581502972062, 0.7722971353939996]",0.25640204865556976,115,19
6,RIGHT-HIPPOCAMPUS,0.681016231474947,"[0.6562866867766747, 0.7047669310228041]",0.35628412034269774,1417,40
7,CTX-LH-FUSIFORM,0.6616541353383458,"[0.5777099539192392, 0.7365219755525003]",0.3239819004524887,133,5
8,LEFT-HIPPOCAMPUS,0.6453462726069695,"[0.6254217428026884, 0.6647790356223676]",0.3275861755094982,2267,43
9,CTX-RH-CAUDALMIDDLEFRONTAL,0.6310160427807486,"[0.5598668987368358, 0.6968905377969177]",0.05972122086037013,187,11
10,CTX-RH-MIDDLETEMPORAL,0.6228023441662227,"[0.6006452715111045, 0.6444577717223078]",0.10279524589331007,1877,39
11,CTX-RH-INFERIORTEMPORAL,0.5955056179775281,"[0.5437650738787907, 0.6452069627061956]",0.005208333333333343,356,5
12,CTX-LH-LATERALORBITOFRONTAL,0.5766666666666667,"[0.5367666462439061, 0.6155911906457682]",0.38979223125564594,600,33
13,CTX-LH-MIDDLETEMPORAL,0.5624041704998467,"[0.5453134713675636, 0.5793480129751991]",0.42495388323645394,3261,41
14,CTX-LH-INSULA,0.5620542082738944,"[0.5250867376961708, 0.5983452504271181]",0.152028624056596,701,29
15,LEFT-AMYGDALA,0.5419847328244275,"[0.45668365033394337, 0.6248935483940457]",0.2943974630021142,131,33
16,CTX-LH-TEMPORALPOLE,0.5215384615384615,"[0.48312160617706434, 0.5597022214900648]",0.05448399284151917,650,18
17,CTX-RH-SUPRAMARGINAL,0.5205254515599343,"[0.4808430057965141, 0.5599505695743485]",0.014063984111907436,609,11
18,CTX-RH-TEMPORALPOLE,0.4578313253012048,"[0.39705688969010094, 0.5198871574920083]",0.354066985645933,249,5
19,CTX-RH-INSULA,0.38830584707646176,"[0.3520591324857271, 0.4258318033178961]",0.10507246376811596,667,21
20,CTX-LH-PRECENTRAL,0.0830367734282325,"[0.06624711892710879, 0.10360943984374042]",0.07756563245823389,843,18
21,CTX-LH-LATERALOCCIPITAL,0.05263157894736842,"[0.014553902448536798, 0.17285766881068843]",0.027027027027026973,38,5
