name	type	units	low_cutoff	high_cutoff	sampling_frequency	status	description	region	soz_region_label
2LFNH3-2LFNH4	SEEG	µV	1	150	1024	good	bipolar derivation '2LFNH3 - 2LFNH4' (release label)	ctx-lh-caudalmiddlefrontal	n/a
2LFNH4-2LFNH5	SEEG	µV	1	150	1024	good	bipolar derivation '2LFNH4 - 2LFNH5' (release label)	ctx-lh-caudalmiddlefrontal	n/a
2LFNH5-2LFNH6	SEEG	µV	1	150	1024	good	bipolar derivation '2LFNH5 - 2LFNH6' (release label)	ctx-lh-caudalmiddlefrontal	n/a
2LOS1-2LOS2	SEEG	µV	1	150	1024	good	bipolar derivation '2LOS1 - 2LOS2' (release label)	ctx-lh-inferiorparietal	SOZ
2LOS2-2LOS3	SEEG	µV	1	150	1024	good	bipolar derivation '2LOS2 - 2LOS3' (release label)	ctx-lh-inferiorparietal	SOZ
2LOS3-2LOS4	SEEG	µV	1	150	1024	good	bipolar derivation '2LOS3 - 2LOS4' (release label)	ctx-lh-inferiorparietal	SOZ
2LOS4-2LOS5	SEEG	µV	1	150	1024	good	bipolar derivation '2LOS4 - 2LOS5' (release label)	ctx-lh-inferiorparietal	SOZ
2LOS5-2LOS6	SEEG	µV	1	150	1024	good	bipolar derivation '2LOS5 - 2LOS6' (release label)	ctx-lh-inferiorparietal	SOZ
2LOS6-2LOS7	SEEG	µV	1	150	1024	good	bipolar derivation '2LOS6 - 2LOS7' (release label)	ctx-lh-inferiorparietal	SOZ
3LOS1-3LOS2	SEEG	µV	1	150	1024	good	bipolar derivation '3LOS1 - 3LOS2' (release label)	ctx-lh-inferiorparietal	SOZ
3LOS2-3LOS3	SEEG	µV	1	150	1024	good	bipolar derivation '3LOS2 - 3LOS3' (release label)	ctx-lh-inferiorparietal	SOZ
3LOS3-3LOS4	SEEG	µV	1	150	1024	good	bipolar derivation '3LOS3 - 3LOS4' (release label)	ctx-lh-inferiorparietal	SOZ
3LOS4-3LOS5	SEEG	µV	1	150	1024	good	bipolar derivation '3LOS4 - 3LOS5' (release label)	ctx-lh-inferiorparietal	SOZ
1LOS-1-1LOS-2	SEEG	µV	1	150	1024	good	bipolar derivation '1LOS-1 - 1LOS-2' (release label)	ctx-lh-lateraloccipital	non-SOZ
1LOS-2-1LOS-3	SEEG	µV	1	150	1024	good	bipolar derivation '1LOS-2 - 1LOS-3' (release label)	ctx-lh-lateraloccipital	non-SOZ
1LOS-3-1LOS-4	SEEG	µV	1	150	1024	good	bipolar derivation '1LOS-3 - 1LOS-4' (release label)	ctx-lh-lateraloccipital	non-SOZ
1LOS-4-1LOS-5	SEEG	µV	1	150	1024	good	bipolar derivation '1LOS-4 - 1LOS-5' (release label)	ctx-lh-lateraloccipital	non-SOZ
1LFNH4-1LFNH5	SEEG	µV	1	150	1024	good	bipolar derivation '1LFNH4 - 1LFNH5' (release label)	ctx-lh-rostralmiddlefrontal	n/a
1LFNH5-1LFNH6	SEEG	µV	1	150	1024	good	bipolar derivation '1LFNH5 - 1LFNH6' (release label)	ctx-lh-rostralmiddlefrontal	n/a
1LFNH6-1LFNH7	SEEG	µV	1	150	1024	good	bipolar derivation '1LFNH6 - 1LFNH7' (release label)	ctx-lh-rostralmiddlefrontal	n/a
LT4-LT5	SEEG	µV	1	150	1024	good	bipolar derivation 'LT4 - LT5' (release label)	ctx-lh-superiortemporal	non-SOZ
LT5-LT6	SEEG	µV	1	150	1024	good	bipolar derivation 'LT5 - LT6' (release label)	ctx-lh-superiortemporal	non-SOZ
LT6-LT7	SEEG	µV	1	150	1024	good	bipolar derivation 'LT6 - LT7' (release label)	ctx-lh-superiortemporal	non-SOZ
LT7-LT8	SEEG	µV	1	150	1024	good	bipolar derivation 'LT7 - LT8' (release label)	ctx-lh-superiortemporal	non-SOZ
LT8-LT9	SEEG	µV	1	150	1024	good	bipolar derivation 'LT8 - LT9' (release label)	ctx-lh-superiortemporal	non-SOZ
LT1-LT2	SEEG	µV	1	150	1024	good	bipolar derivation 'LT1 - LT2' (release label)	Left-Hippocampus	n/a
RT1-RT2	SEEG	µV	1	150	1024	good	bipolar derivation 'RT1 - RT2' (release label)	Right-Hippocampus	n/a
RT2-RT3	SEEG	µV	1	150	1024	good	bipolar derivation 'RT2 - RT3' (release label)	Right-Hippocampus	n/a
RONH1-RONH2	SEEG	µV	1	150	1024	good	bipolar derivation 'RONH1 - RONH2' (release label)	ctx-rh-inferiorparietal	non-SOZ
RONH2-RONH3	SEEG	µV	1	150	1024	good	bipolar derivation 'RONH2 - RONH3' (release label)	ctx-rh-inferiorparietal	non-SOZ
RONH3-RONH4	SEEG	µV	1	150	1024	good	bipolar derivation 'RONH3 - RONH4' (release label)	ctx-rh-inferiorparietal	non-SOZ
RONH4-RONH5	SEEG	µV	1	150	1024	good	bipolar derivation 'RONH4 - RONH5' (release label)	ctx-rh-inferiorparietal	non-SOZ
RONH5-RONH6	SEEG	µV	1	150	1024	good	bipolar derivation 'RONH5 - RONH6' (release label)	ctx-rh-inferiorparietal	non-SOZ
RT6-RT7	SEEG	µV	1	150	1024	good	bipolar derivation 'RT6 - RT7' (release label)	ctx-rh-middletemporal	non-SOZ
RT7-RT8	SEEG	µV	1	150	1024	good	bipolar derivation 'RT7 - RT8' (release label)	ctx-rh-middletemporal	non-SOZ
RT8-RT9	SEEG	µV	1	150	1024	good	bipolar derivation 'RT8 - RT9' (release label)	ctx-rh-middletemporal	non-SOZ
RT9-RT10	SEEG	µV	1	150	1024	good	bipolar derivation 'RT9 - RT10' (release label)	ctx-rh-middletemporal	non-SOZ
1RFNH2-1RFNH3	SEEG	µV	1	150	1024	good	bipolar derivation '1RFNH2 - 1RFNH3' (release label)	ctx-rh-rostralmiddlefrontal	non-SOZ
1RFNH3-1RFNH4	SEEG	µV	1	150	1024	good	bipolar derivation '1RFNH3 - 1RFNH4' (release label)	ctx-rh-rostralmiddlefrontal	non-SOZ
1RFNH4-1RFNH5	SEEG	µV	1	150	1024	good	bipolar derivation '1RFNH4 - 1RFNH5' (release label)	ctx-rh-rostralmiddlefrontal	non-SOZ
2RFNH4-2RFNH5	SEEG	µV	1	150	1024	good	bipolar derivation '2RFNH4 - 2RFNH5' (release label)	ctx-rh-rostralmiddlefrontal	non-SOZ
2RFNH5-2RFNH6	SEEG	µV	1	150	1024	good	bipolar derivation '2RFNH5 - 2RFNH6' (release label)	ctx-rh-rostralmiddlefrontal	non-SOZ
