name	x	y	z	size	region	soz_region_label
ACIN1-ACIN2	n/a	n/a	n/a	n/a	ctx-lh-caudalanteriorcingulate	n/a
MI8-MI9	n/a	n/a	n/a	n/a	ctx-lh-caudalmiddlefrontal	no
MI9-MI10	n/a	n/a	n/a	n/a	ctx-lh-caudalmiddlefrontal	no
MI10-MI11	n/a	n/a	n/a	n/a	ctx-lh-caudalmiddlefrontal	no
MI11-MI12	n/a	n/a	n/a	n/a	ctx-lh-caudalmiddlefrontal	no
MI12-MI13	n/a	n/a	n/a	n/a	ctx-lh-caudalmiddlefrontal	no
MI13-MI14	n/a	n/a	n/a	n/a	ctx-lh-caudalmiddlefrontal	no
PC1-PC2	n/a	n/a	n/a	n/a	ctx-lh-parsopercularis	yes
PC2-PC3	n/a	n/a	n/a	n/a	ctx-lh-parsopercularis	yes
PC3-PC4	n/a	n/a	n/a	n/a	ctx-lh-parsopercularis	yes
PC4-PC5	n/a	n/a	n/a	n/a	ctx-lh-parsopercularis	yes
PC5-PC6	n/a	n/a	n/a	n/a	ctx-lh-parsopercularis	yes
PC6-PC7	n/a	n/a	n/a	n/a	ctx-lh-parsopercularis	yes
AC1-AC2	n/a	n/a	n/a	n/a	ctx-lh-parsopercularis	yes
AC2-AC3	n/a	n/a	n/a	n/a	ctx-lh-parsopercularis	yes
AC3-AC4	n/a	n/a	n/a	n/a	ctx-lh-parsopercularis	yes
AC4-AC5	n/a	n/a	n/a	n/a	ctx-lh-parsopercularis	yes
AC5-AC6	n/a	n/a	n/a	n/a	ctx-lh-parsopercularis	yes
AC6-AC7	n/a	n/a	n/a	n/a	ctx-lh-parsopercularis	yes
AC7-AC8	n/a	n/a	n/a	n/a	ctx-lh-parsopercularis	yes
AIO2-AIO3	n/a	n/a	n/a	n/a	ctx-lh-parsopercularis	yes
AIO3-AIO4	n/a	n/a	n/a	n/a	ctx-lh-parsopercularis	yes
AIO4-AIO5	n/a	n/a	n/a	n/a	ctx-lh-parsopercularis	yes
AIO5-AIO6	n/a	n/a	n/a	n/a	ctx-lh-parsopercularis	yes
AIO6-AIO7	n/a	n/a	n/a	n/a	ctx-lh-parsopercularis	yes
OF6-OF7	n/a	n/a	n/a	n/a	ctx-lh-parsorbitalis	no
OF7-OF8	n/a	n/a	n/a	n/a	ctx-lh-parsorbitalis	no
OF8-OF9	n/a	n/a	n/a	n/a	ctx-lh-parsorbitalis	no
OF9-OF10	n/a	n/a	n/a	n/a	ctx-lh-parsorbitalis	no
OF10-OF11	n/a	n/a	n/a	n/a	ctx-lh-parsorbitalis	no
OF11-OF12	n/a	n/a	n/a	n/a	ctx-lh-parsorbitalis	no
PSC6-PSC7	n/a	n/a	n/a	n/a	ctx-lh-postcentral	no
PSC7-PSC8	n/a	n/a	n/a	n/a	ctx-lh-postcentral	no
PSC8-PSC9	n/a	n/a	n/a	n/a	ctx-lh-postcentral	no
PIC4-PIC5	n/a	n/a	n/a	n/a	ctx-lh-postcentral	no
PIC5-PIC6	n/a	n/a	n/a	n/a	ctx-lh-postcentral	no
PIC6-PIC7	n/a	n/a	n/a	n/a	ctx-lh-postcentral	no
PIC7-PIC8	n/a	n/a	n/a	n/a	ctx-lh-postcentral	no
PIC8-PIC9	n/a	n/a	n/a	n/a	ctx-lh-postcentral	no
IFG1-IFG2	n/a	n/a	n/a	n/a	ctx-lh-precentral	no
IFG2-IFG3	n/a	n/a	n/a	n/a	ctx-lh-precentral	no
IFG3-IFG4	n/a	n/a	n/a	n/a	ctx-lh-precentral	no
IFG4-IFG5	n/a	n/a	n/a	n/a	ctx-lh-precentral	no
IFG5-IFG6	n/a	n/a	n/a	n/a	ctx-lh-precentral	no
MF1-MF2	n/a	n/a	n/a	n/a	ctx-lh-precentral	no
MF2-MF3	n/a	n/a	n/a	n/a	ctx-lh-precentral	no
MF3-MF4	n/a	n/a	n/a	n/a	ctx-lh-precentral	no
MF4-MF5	n/a	n/a	n/a	n/a	ctx-lh-precentral	no
MF5-MF6	n/a	n/a	n/a	n/a	ctx-lh-precentral	no
PSC1-PSC2	n/a	n/a	n/a	n/a	ctx-lh-precentral	no
PSC2-PSC3	n/a	n/a	n/a	n/a	ctx-lh-precentral	no
PSC3-PSC4	n/a	n/a	n/a	n/a	ctx-lh-precentral	no
PSC4-PSC5	n/a	n/a	n/a	n/a	ctx-lh-precentral	no
OF1-OF2	n/a	n/a	n/a	n/a	ctx-lh-rostralanteriorcingulate	n/a
OF2-OF3	n/a	n/a	n/a	n/a	ctx-lh-rostralanteriorcingulate	n/a
ACIN3-ACIN4	n/a	n/a	n/a	n/a	ctx-lh-superiorfrontal	no
ACIN4-ACIN5	n/a	n/a	n/a	n/a	ctx-lh-superiorfrontal	no
ACIN5-ACIN6	n/a	n/a	n/a	n/a	ctx-lh-superiorfrontal	no
ACIN6-ACIN7	n/a	n/a	n/a	n/a	ctx-lh-superiorfrontal	no
ACIN7-ACIN8	n/a	n/a	n/a	n/a	ctx-lh-superiorfrontal	no
PH7-PH8	n/a	n/a	n/a	n/a	ctx-lh-superiortemporal	no
PH8-PH9	n/a	n/a	n/a	n/a	ctx-lh-superiortemporal	no
PH9-PH10	n/a	n/a	n/a	n/a	ctx-lh-superiortemporal	no
PH10-PH11	n/a	n/a	n/a	n/a	ctx-lh-superiortemporal	no
PH11-PH12	n/a	n/a	n/a	n/a	ctx-lh-superiortemporal	no
AM6-AM7	n/a	n/a	n/a	n/a	ctx-lh-superiortemporal	no
AM7-AM8	n/a	n/a	n/a	n/a	ctx-lh-superiortemporal	no
AM8-AM9	n/a	n/a	n/a	n/a	ctx-lh-superiortemporal	no
AM9-AM10	n/a	n/a	n/a	n/a	ctx-lh-superiortemporal	no
AM10-AM11	n/a	n/a	n/a	n/a	ctx-lh-superiortemporal	no
AM11-AM12	n/a	n/a	n/a	n/a	ctx-lh-superiortemporal	no
AH5-AH6	n/a	n/a	n/a	n/a	ctx-lh-superiortemporal	no
AH6-AH7	n/a	n/a	n/a	n/a	ctx-lh-superiortemporal	no
AH7-AH8	n/a	n/a	n/a	n/a	ctx-lh-superiortemporal	no
AH8-AH9	n/a	n/a	n/a	n/a	ctx-lh-superiortemporal	no
AH9-AH10	n/a	n/a	n/a	n/a	ctx-lh-superiortemporal	no
AH10-AH11	n/a	n/a	n/a	n/a	ctx-lh-superiortemporal	no
AH11-AH12	n/a	n/a	n/a	n/a	ctx-lh-superiortemporal	no
TP1-TP2	n/a	n/a	n/a	n/a	ctx-lh-temporalpole	no
TP2-TP3	n/a	n/a	n/a	n/a	ctx-lh-temporalpole	no
TP3-TP4	n/a	n/a	n/a	n/a	ctx-lh-temporalpole	no
TP4-TP5	n/a	n/a	n/a	n/a	ctx-lh-temporalpole	no
TP5-TP6	n/a	n/a	n/a	n/a	ctx-lh-temporalpole	no
TP6-TP7	n/a	n/a	n/a	n/a	ctx-lh-temporalpole	no
TP7-TP8	n/a	n/a	n/a	n/a	ctx-lh-temporalpole	no
PIC1-PIC2	n/a	n/a	n/a	n/a	ctx-lh-insula	no
PIC2-PIC3	n/a	n/a	n/a	n/a	ctx-lh-insula	no
MI1-MI2	n/a	n/a	n/a	n/a	ctx-lh-insula	no
MI2-MI3	n/a	n/a	n/a	n/a	ctx-lh-insula	no
MI3-MI4	n/a	n/a	n/a	n/a	ctx-lh-insula	no
MI4-MI5	n/a	n/a	n/a	n/a	ctx-lh-insula	no
MI5-MI6	n/a	n/a	n/a	n/a	ctx-lh-insula	no
MI6-MI7	n/a	n/a	n/a	n/a	ctx-lh-insula	no
PH1-PH2	n/a	n/a	n/a	n/a	Left-Hippocampus	no
PH2-PH3	n/a	n/a	n/a	n/a	Left-Hippocampus	no
PH3-PH4	n/a	n/a	n/a	n/a	Left-Hippocampus	no
PH4-PH5	n/a	n/a	n/a	n/a	Left-Hippocampus	no
AH1-AH2	n/a	n/a	n/a	n/a	Left-Hippocampus	no
AH2-AH3	n/a	n/a	n/a	n/a	Left-Hippocampus	no
AM1-AM2	n/a	n/a	n/a	n/a	Left-Amygdala	no
AM2-AM3	n/a	n/a	n/a	n/a	Left-Amygdala	no
AM3-AM4	n/a	n/a	n/a	n/a	Left-Amygdala	no
AM4-AM5	n/a	n/a	n/a	n/a	Left-Amygdala	no
